,Survey Number,Day of the Week,Time of Day,Interviewer or self-administered,City,Neighborhood,Connection to neighborhood,Average days spent in neighborhood per week,Neighborhood recovered from pandemic,Safe walking alone at night,New housing has increased gentrification,Bikes lanes have increased traffic safety,I feel connected to the people and community in this city.,Support increasing the supply of housing,Support speed enforcement cameras,Support sales tax to fund climate disaster preparedness,Support investment in policing,Race/ethnicity,Age,Gender identity,Rent or own,Biggest challenge facing city,"Notes (include data here on ""Other"" responses, observational notes.)"
Safaeinili,RS1,Wednesday,PM,Self-administered,Berkeley,Downtown Berk (BART),Work,2,Agree,Agree,Don't Know/NA,Agree,Agree,Strongly Agree,Agree,Agree,Disagree,White,25-44 years old,Male,Own,Availability and affordability of housing,
Safaeinili,RS2,Wednesday,PM,Self-administered,Berkeley,Downtown Berk (BART),Work,2,Agree,Agree,Strongly Agree,Agree,Agree,Strongly Agree,Strongly Disagree,Agree,Strongly Disagree,Hispanic/Latinx,25-44 years old,Female,Rent,Housing and infrastructure,
Safaeinili,RS3,Wednesday,PM,Self-administered,Berkeley,Downtown Berk (BART),Other,7,Don't Know/NA,Disagree,Agree,Disagree,Strongly Disagree,Strongly Disagree,Don't Know/NA,Don't Know/NA,Don't Know/NA,Black or African American,Under 25 years old,Male,Other,Increase of rent,live with parents
Safaeinili,RS4,Wednesday,PM,Self-administered,Berkeley,Downtown Berk (BART),Live,7,Don't Know/NA,Agree,Don't Know/NA,Strongly Disagree,Agree,Agree,Agree,Agree,Don't Know/NA,White,Under 25 years old,Female,Rent,"Poor drivers, dangerous crosswalks",
Safaeinili,RS5,Wednesday,PM,Self-administered,Berkeley,Downtown Berk (BART),Live,7,Disagree,Disagree,Don't Know/NA,Agree,Agree,Agree,Agree,Agree,Agree,White,Under 25 years old,Female,Rent,,Live in dorm owned by UC
Vang,BV1,Wednesday,AM,Self-administered,Berkeley,Ohlone Park/North Berkeley,Live,7,Don't Know/NA,Don't Know/NA,Don't Know/NA,Strongly Disagree,Don't Know/NA,Strongly Agree,Disagree,Don't Know/NA,Don't Know/NA,Other/Prefer not to say,45-64 years old,Male,Own,Housing,
Vang,BV2,Wednesday,PM,Self-administered,Berkeley,Ohlone Park/North Berkeley,"Live, Work, ""Shopping, dining, recreation""",7,Agree,Agree,Agree,Don't Know/NA,Agree,Agree,Disagree,Agree,Disagree,Other/Prefer not to say,25-44 years old,Female,Rent,Systemic issues and bureaucratic limitations,
Vang,BV3,Wednesday,PM,Self-administered,Berkeley,Ohlone Park/North Berkeley,Work,5,Don't Know/NA,Don't Know/NA,Agree,Disagree,Agree,Disagree,Agree,Disagree,Disagree,Black or African American,25-44 years old,Female,Own,Homelessness,
Vang,BV4,Wednesday,PM,Self-administered,Berkeley,Ohlone Park/North Berkeley,Live,7,Agree,Agree,Don't Know/NA,Don't Know/NA,Strongly Agree,Agree,Agree,Strongly Disagree,Don't Know/NA,White,45-64 years old,Female,Own,Truly affordable housing for middle income earners,
Vang,BV5,Wednesday,PM,Interviewer,Berkeley,Ohlone Park/North Berkeley,Work,1,Agree,Don't Know/NA,Don't Know/NA,Agree,Agree,Agree,Disagree,Agree,Agree,White,45-64 years old,Female,Own,"Waste management, (illegal) dumping, too many piles of garbage, there should be free services for waste collection/dumping",
Nguyen,MUN1,Wednesday,AM,Self-administered,Berkeley,Downtown Berkeley (BART),Live,5,Agree,Strongly Agree,Don't Know/NA,Agree,Strongly Agree,Strongly Agree,Strongly Agree,Disagree,Agree,Asian,Under 25 years old,Male,Rent,Homelessness,
Nguyen,MUN2,Wednesday,AM,Self-administered,Berkeley,Downtown Berkeley (BART),Live,7,Strongly Disagree,Strongly Disagree,Don't Know/NA,Strongly Disagree,Strongly Disagree,Strongly Disagree,Strongly Disagree,Don't Know/NA,Don't Know/NA,Black or African American,65 or older,Female,Rent,All the new buildings going up,
Nguyen,MUN3,Wednesday,PM,Self-administered,Berkeley,Downtown Berkeley (BART),Live,7,Strongly Disagree,Agree,Strongly Disagree,Disagree,Don't Know/NA,Strongly Disagree,Don't Know/NA,Strongly Agree,Don't Know/NA,White,65 or older,Female,Rent,Affordable Housing,
Nguyen,MUN4,Wednesday,PM,Self-administered,Berkeley,Downtown Berkeley (BART),Live,7,Strongly Disagree,Don't Know/NA,Don't Know/NA,Strongly Agree,Don't Know/NA,Agree,Strongly Agree,Strongly Disagree,Agree,Asian,25-44 years old,Non-binary,Rent,"Post pandemic, the city never managed to regain footing and has a budget crisis",
Nguyen,MUN5,Wednesday,PM,Self-administered,Berkeley,Downtown Berkeley (BART),"Live, Work",7,Agree,Agree,Strongly Agree,Don't Know/NA,Agree,Disagree,Agree,Don't Know/NA,Disagree,Hispanic/Latinx,Under 25 years old,Male,Other,Homelessness,Live with parents
Korn,JK1,Wednesday,PM,Self-administered,Berkeley,Downtown Berkeley (BART),Live,7,Strongly Agree,Strongly Agree,Don't Know/NA,Agree,Don't Know/NA,Don't Know/NA,Agree,Strongly Disagree,Strongly Disagree,White,65 or older,Male,Rent,Income problems,
Korn,JK2,Wednesday,PM,Self-administered,Berkeley,Downtown Berkeley (BART),Live,4,Strongly Disagree,Don't Know/NA,Agree,Don't Know/NA,Strongly Disagree,Strongly Agree,Strongly Agree,Strongly Agree,Strongly Agree,Hispanic/Latinx,25-44 years old,Non-binary,Rent,Resource Access,
Korn,JK3,Wednesday,PM,Interviewer,Berkeley,Downtown Berkeley (BART),Live,6,Agree,Strongly Agree,Agree,Agree,Don't Know/NA,Don't Know/NA,Don't Know/NA,Strongly Agree,Don't Know/NA,Black or African American,Under 25 years old,Male,Rent,Pollution,
Korn,JK4,Wednesday,PM,Self-administered,Berkeley,Downtown Berkeley (BART),"""Shopping, dining, recreation""",1,Disagree,Agree,Don't Know/NA,Agree,Agree,Agree,Strongly Agree,Agree,Agree,White,65 or older,Male,Own,Affordable Housing,
Korn,JK5,Wednesday,PM,Self-administered,Berkeley,Downtown Berkeley (BART),Other,3,Strongly Disagree,Strongly Disagree,Don't Know/NA,Don't Know/NA,Don't Know/NA,Agree,Agree,Don't Know/NA,Strongly Agree,Hispanic/Latinx,Under 25 years old,Male,Other,Homelessness,Connection to neighborhood is student at Berkeley City College; Lives with parents
Rafael,KUB1,Wednesday,PM,Self-administered,Oakland,Temescal,Other,0,Strongly Disagree,Strongly Disagree,Neutral,Don't Know/NA,Disagree,Agree,Agree,Agree,Agree,Asian,45-64 years old,Male,Rent,Homless,
Rafael,KUB2,Wednesday,PM,Self-administered,Oakland,Temescal,"Other, Work",1,Neutral,Disagree,Neutral,Agree,Neutral,Agree,Strongly Agree,Strongly Disagree,Neutral,Asian,45-64 years old,Male,Rent,Crime,Comes here to pick up door dash for work
Rafael,KUB3,Wednesday,PM,Self-administered,Oakland,Temescal,"""Shopping, dining, recreation""",1,Neutral,Disagree,Neutral,Agree,Neutral,Strongly Agree,Neutral,Neutral,Agree,White,25-44 years old,Female,Rent,,
Rafael,KUB4,Wednesday,PM,Self-administered,Oakland,Temescal,Work,5,Agree,Agree,Strongly Agree,Agree,Agree,Agree,Neutral,Disagree,Disagree,Hispanic/Latinx,25-44 years old,Non-binary,Rent,Over Sureillance,
Rafael,KUB5,Wednesday,PM,Self-administered,Oakland,Temescal,Other,1,Agree,Disagree,Agree,Neutral,Strongly Agree,Neutral,Neutral,Disagree,Neutral,White,45-64 years old,Female,Rent,Trash,
Su,ES1,Wednesday,PM,Self-administered,Oakland,Temescal,"""Shopping, dining, recreation""",2,Agree,Disagree,Strongly Agree,Disagree,Strongly Agree,Agree,Strongly Disagree,Agree,Strongly Disagree,"Black or African American, White",25-44 years old,Female,Other,Saftey,Rent or own: N/A
Su,ES2,Wednesday,PM,Self-administered,Oakland,Temescal,Live,7,Disagree,Disagree,Strongly Agree,Neutral,Neutral,Disagree,Agree,Agree,Strongly Disagree,"Asian, White",25-44 years old,Female,Rent,Gentrification,Asked if the question about increasing supply of housing was in relation to gentrification
Su,ES3,Wednesday,PM,Self-administered,Oakland,Temescal,"""Shopping, dining, recreation""",1,Agree,Disagree,Agree,Disagree,Agree,Agree,Agree,Neutral,Neutral,White,25-44 years old,Female,Rent,Public perception from people who don't live here!,
Su,ES4,Wednesday,PM,Self-administered,Oakland,Temescal,Live,7,Disagree,Agree,Neutral,Agree,Neutral,Agree,Agree,Agree,Neutral,"Asian, White",25-44 years old,Female,Own,N/A,
Su,ES5,Wednesday,PM,Self-administered,Oakland,Temescal,Live,7,Neutral,Agree,Agree,Agree,Agree,Strongly Agree,Strongly Agree,Strongly Agree,Strongly Agree,Other/Prefer not to say,25-44 years old,Female,Rent,How much the Oakland police sucks,
Diaz,ELD1,Thursday,AM,Self-administered,Berkeley,S. Berkeley,Live,6,Neutral,Agree,Neutral,Agree,Agree,Agree,Disagree,Agree,Strongly Disagree,White,Under 25 years old,Female,Rent,Sea Level Rise/Climate Change,
Diaz,ELD2,Thursday,AM,Self-administered,Berkeley,S. Berkeley,Work,4,Neutral,Agree,Strongly Agree,Neutral,Agree,Neutral,Neutral,Agree,Disagree,"Black or African American, Other/Prefer not to say",25-44 years old,Female,Rent,Gentrification,
Diaz,ELD3,Thursday,AM,Interviewer,Berkeley,S. Berkeley,"Live, Work",7,Disagree,Agree,Strongly Agree,Strongly Disagree,Strongly Agree,Strongly Agree,Strongly Disagree,Strongly Disagree,Agree,White,45-64 years old,Male,Rent,Economic Disparity,
Diaz,ELD4,Thursday,AM,Self-administered,Berkeley,S. Berkeley,Work,5,Disagree,Neutral,Agree,Disagree,Strongly Agree,Strongly Agree,Neutral,Strongly Agree,Disagree,"Asian, Hispanic/Latinx, Black or African American",Under 25 years old,Female,Rent,Homelessness,
Diaz,ELD5,Thursday,AM,Self-administered,Berkeley,S. Berkeley,Live,7,Neutral,Strongly Agree,Strongly Agree,Strongly Agree,Agree,Agree,Agree,Agree,Agree,Black or African American,65 or older,Male,Rent,Schooling,
Ponder,JMP1,Wednesday,AM,Interviewer,Berkeley,N. Berkeley,"""Shopping, dining, recreation""",7,Agree,Don't Know/NA,Disagree,Strongly Disagree,Strongly Agree,Disagree,Strongly Agree,Strongly Agree,Strongly Agree,White,65 or older,Female,Own,Money/Funding,"Continued speaking on the question about increasing supply of housing - ""where are you going to put it; there's no space."""
Ponder,JMP2,Wednesday,AM,Interviewer,Berkeley,N. Berkeley,Live,7,Neutral,Agree,Agree,Agree,Strongly Agree,Agree,Agree,Agree,Agree,White,65 or older,Female,Own,Homelessness,Is a recent widow and is able to rent out home while living there.
Ponder,JMP3,Wednesday,AM,Self-administered,Berkeley,N. Berkeley,Work,6,Agree,Agree,Agree,Agree,Agree,Neutral,Strongly Agree,Agree,Agree,White,Under 25 years old,Female,Other,N/A,"On other for rent or own person wrote: ""don't have a home"". Unlikley homeless, possibly meant living with parents/other. Person wrote ""N/A"" for the last question. "
Ponder,JMP4,Wednesday,AM,Interviewer,Berkeley,N. Berkeley,Other,5,Strongly Agree,Strongly Agree,Strongly Agree,Strongly Agree,Strongly Agree,Strongly Agree,Strongly Agree,Agree,Agree,White,45-64 years old,Male,Own,Homelessness,"Connection to neighborhood: ""Other"" meant that person takes child to school in neighborhood. "
Ponder,JMP5,Wednesday,AM,Interviewer,Berkeley,N. Berkeley,Live,7,Agree,Agree,Neutral,Disagree,Neutral,Disagree,Disagree,Disagree,Strongly Disagree,White,45-64 years old,Male,Rent,Better homelessness services; stop putting bandaid on these issues ,"Installing speed enforcement cameras in the city: person commented ""it is an invasion of privacy"". "
Kwong,ALK1,Wednesday,PM,Self-administered,Berkeley,N. Berkeley,Live,6,Agree,Agree,Agree,Agree,Strongly Agree,Strongly Agree,Agree,Agree,Disagree,Asian,25-44 years old,Female,Rent,"Homelessness, lack of light on streets",
Kwong,ALK2,Wednesday,PM,Self-administered,Berkeley,N. Berkeley,Live,4,Strongly Disagree,Disagree,Strongly Agree,Agree,Agree,Agree,Disagree,Disagree,Strongly Disagree,White,25-44 years old,Non-binary,Other,"Houselessness, food insecurity, wealth gap",
Kwong,ALK3,Wednesday,PM,Self-administered,Berkeley,N. Berkeley,Live,7,Neutral,Strongly Agree,Strongly Disagree,Strongly Agree,Strongly Agree,Strongly Agree,Disagree,Agree,Strongly Agree,Black or African American,,,Rent,Homelessness/safety,
Kwong,ALK4,Wednesday,PM,Self-administered,Berkeley,N. Berkeley,"""Shopping, dining, recreation""",,Agree,Neutral,Neutral,Disagree,Agree,Neutral,Agree,Agree,Disagree,Asian,Under 25 years old,Female,Rent,N/A,
Kwong,ALK5,Wednesday,PM,Self-administered,Berkeley,Downtown Berkeley (BART),"""Shopping, dining, recreation""",3,Agree,Strongly Disagree,Agree,Agree,Neutral,Strongly Agree,Agree,Agree,Strongly Disagree,Hispanic/Latinx,25-44 years old,Male,Rent,Homelessness and unaffordability,
Lawrence,MJL1,Wednesday,AM,Self-administered,San Francisco,Chinatown,"""Shopping, dining, recreation""",1,Neutral,Agree,Agree,Agree,Strongly Agree,Strongly Agree,Disagree,Neutral,Neutral,Hispanic/Latinx,25-44 years old,Male,Rent,cleanliness,
Lawrence,MJL2,Wednesday,AM,Self-administered,San Francisco,Chinatown,"""Shopping, dining, recreation""",0-7,Neutral,Strongly Agree,Strongly Agree,Strongly Agree,Agree,Strongly Agree,Strongly Agree,Neutral,Neutral,Hispanic/Latinx,25-44 years old,Male,Rent,homelessness crisis,"Said he ""doesn't live here"" and double checked about his ability to participate"
Lawrence,MJL3,Wednesday,AM,Self-administered,San Francisco,Chinatown,Live,,,Agree,Agree,Agree,,Disagree,Agree,Agree,,Asian,,,,,"Elderly, possible language barrier. Didn't understand the how many days of the week question (and wrote something incomprehensible), and turned in the survey with some unanswered questions."
Lawrence,MJL4,Wednesday,PM,Self-administered,San Francisco,Chinatown,Work,3,Disagree,Neutral,Agree,Agree,Disagree,Neutral,Strongly Agree,Strongly Disagree,Strongly Agree,Other/Prefer not to say,Under 25 years old,Male,Rent,safety/homeless,"Survyed in area that is unambiguously Chinatown, but refered to the area as ""Financial District"" "
Lawrence,MJL5,Wednesday,PM,Self-administered,San Francisco,Chinatown,"""Shopping, dining, recreation""",1,Neutral,Agree,Agree,Neutral,Agree,Strongly Agree,Neutral,Neutral,Disagree,Black or African American,25-44 years old,Female,Rent,no parking,"Said the sales tax for climate disaster preparedness ""was a tough one."" After taking survey disclosed that they were visiting the city for the first time from another part of California."
Inkelas,EJI1,Wednesday,PM,Interviewer,Berkeley,Downtown,Other,1,Strongly Agree,Strongly Agree,Neutral,Neutral,Strongly Agree,Strongly Agree,Disagree,Neutral,Neutral,White,65 or older,Male,Own,accommodating the growth of UC Berkeley,
Inkelas,EJI2,Wednesday,PM,Self-administered,Berkeley,Downtown,Work,5,Disagree,Neutral,Agree,Neutral,Agree,Agree,Neutral,Neutral,Agree,Other/Prefer not to say,25-44 years old,Male,Rent,Safety; more help for homeless people,
Inkelas,EJI3,Wednesday,PM,Interviewer,Berkeley,Downtown,"Live, Work, ""Shopping, dining, recreation""",1,Agree,Strongly Agree,Agree,Strongly Agree,Agree,Agree,Strongly Disagree,Strongly Disagree,Neutral,"White, Other/Prefer not to say",65 or older,Male,Rent,Federal government deploying troops into the Bay Area and/or cutting funding for services,"Opposed the sales tax on the basis of it being a regressive tax (""they oppress poor people""), and would prefer an income or property tax. Also, supports the construction of low-income housing, but not market-rate. Seemed to interpret ""neighborhood"" differently in the first two questions since he lives and works and shops here but says he spends 1 day a week here."
Inkelas,EJI4,Wednesday,PM,Interviewer,Berkeley,Downtown,Live,7,Agree,Strongly Agree,Strongly Agree,Agree,Strongly Agree,Strongly Agree,Neutral,Strongly Agree,Neutral,White,65 or older,Female,Rent,Help with homelessness and people facing mental health issues,
Inkelas,EJI5,Wednesday,PM,Self-administered,Berkeley,Downtown,Live,2,Agree,Disagree,Neutral,Disagree,Agree,Agree,Agree,Neutral,Neutral,Black or African American,Under 25 years old,Female,Rent,Violence,
Flynn,MGF1,Wednesday,PM,Interviewer,Oakland,Temescal,Work,5,Neutral,Strongly Agree,Agree,Agree,Strongly Agree,Agree,Strongly Agree,Agree,Agree,Black or African American,25-44 years old,Female,Rent,Drugs and mental health,Administered interview while respondent was preparing food at a local restaurant. Was excited and willing to help gather data for this purpose.
Flynn,MGF2,Wednesday,PM,Self-administered,Oakland,Temescal,Live,7,Strongly Disagree,Agree,Strongly Agree,Disagree,Neutral,Agree,Strongly Disagree,Neutral,Strongly Disagree,White,25-44 years old,Non-binary,Rent,Cops,Was hesistant to participate at first and questioned the subject matter the survey asked about; was seemigly overwhelmed by the weight of some of the questions
Flynn,MGF3,Wednesday,PM,Self-administered,Oakland,Temescal,"""Shopping, dining, recreation""",0,Neutral,Neutral,Neutral,Neutral,Neutral,Strongly Agree,Neutral,Neutral,Strongly Disagree,Asian,25-44 years old,Female,Rent,No response,Contributed with hesistation and did not speak much.
Flynn,MGF4,Wednesday,PM,Self-administered,Oakland,Temescal,"""Shopping, dining, recreation""",1,Neutral,Agree,Neutral,Strongly Agree,Neutral,Agree,Neutral,Disagree,Neutral,White,25-44 years old,Female,Rent,Leadership,"Was excited to engage with the survey and was very interested in hearing about the class, expressing interest in learning about these topics herself. Opted out of participating in the incentive."
Flynn,MGF5,Wednesday,PM,Self-administered,Oakland,Temescal,Live,7,Agree,Agree,Neutral,Agree,Agree,Strongly Agree,Strongly Agree,Agree,Neutral,Asian,25-44 years old,Male,Rent,Not enough investments in local and volunteer led commuities,Had a casual conversation while filling out the survey about ourselves. Was curious about my feelings about the policing question in particular.
Robinson,KR1,Friday,AM,Self-administered,Oakland,Downtown Oakland/Chinatown,Work,2,Neutral,Agree,Strongly Agree,Disagree,Agree,Strongly Agree,Agree,Strongly Agree,Neutral,White,25-44 years old,Male,Rent,Expensive Learning,
Robinson,KR2,Friday,AM,Self-administered,Oakland,Downtown Oakland/Chinatown,Work,4,Disagree,Agree,Agree,Neutral,Agree,Agree,Disagree,Neutral,Strongly Disagree,White,25-44 years old,Female,Rent,Lack of care for the homeless population.,
Robinson,KR3,Friday,AM,Self-administered,Oakland,Downtown Oakland/Chinatown,Live,7,Strongly Agree,Strongly Agree,Strongly Disagree,Strongly Agree,Strongly Agree,Strongly Agree,Strongly Agree,Strongly Agree,Strongly Disagree,White,25-44 years old,Male,Own,Housing Shortage in Bay Area,
Robinson,KR4,Friday,AM,Interviewer,Oakland,Downtown Oakland/Chinatown,Other,0,Neutral,Agree,Strongly Agree,Neutral,Agree,Neutral,Strongly Disagree,Neutral,Strongly Disagree,,,,,,Stopped taking the survey when we got to the demographics section. Said they were on the lookout for ICE at the Downtown Oakland Farmer's Market and wasn't from this neighborhood
Robinson,KR5,Friday,AM,Interviewer,Oakland,Downtown Oakland/Chinatown,Live,7,Neutral,Neutral,Agree,Agree,Neutral,Agree,Strongly Agree,Neutral,Agree,White,45-64 years old,Male,Own,Money,Discussed the disparities in income between Oakland and San Francisco
Fixler,NF1,Friday,AM,Interviewer,Oakland,Downtown Oakland/Chinatown,Live,5,Neutral,Strongly Disagree,Strongly Agree,Strongly Agree,Strongly Agree,Strongly Agree,Strongly Agree,Neutral,Strongly Agree,Other/Prefer not to say,45-64 years old,Female,Rent,"The city feels unsafe at night, not because it is unsafe, but because it us empty. No one watching or listening ",Respondant did not want to be identified as Black or African American; self-identified as Negro. Respondant emphasized the importance of this.
Fixler,NF2,Friday,AM,Interviewer,Oakland,Downtown Oakland/Chinatown,Live,7,Neutral,Disagree,Neutral,Neutral,Strongly Agree,Strongly Agree,Strongly Agree,Neutral,Neutral,Black or African American,25-44 years old,Female,Rent,"Lack of investment, crime",
Fixler,NF3,Friday,AM,Interviewer,Oakland,Downtown Oakland/Chinatown,"""Shopping, dining, recreation""",2,Neutral,Agree,Strongly Agree,Neutral,Strongly Agree,Strongly Agree,Strongly Disagree,Disagree,Neutral,White,45-64 years old,Male,Rent,Bad government,
Fixler,NF4,Friday,AM,Self-administered,Oakland,Downtown Oakland/Chinatown,Live,7,Disagree,Disagree,Agree,Agree,Agree,Agree,Neutral,Neutral,Strongly Agree,Asian,25-44 years old,Male,Rent,"Crime, safety",
Fixler,NF5,Friday,AM,Interviewer,Oakland,Downtown Oakland/Chinatown,"Live, Work, ""Shopping, dining, recreation"", Other",5,Neutral,Agree,Strongly Agree,Strongly Agree,Agree,Agree,Strongly Agree,Strongly Disagree,Neutral,Black or African American,25-44 years old,Male,Rent,"Homelessness, drug use",
Fixler,NF6,Friday,AM,Interviewer,Oakland,Downtown Oakland/Chinatown,Live,7,Strongly Disagree,Neutral,Disagree,Strongly Disagree,Strongly Disagree,Strongly Agree,Strongly Disagree,Strongly Disagree,Strongly Agree,Black or African American,25-44 years old,Female,Rent,Money,"Suggested that a question be added; ""how long have you lived here?"" "
Garcia,ZG01,Friday,PM,Self-administered,Oakland,Downtown Oakland,Live,7,Strongly Disagree,Neutral,Strongly Agree,Agree,Agree,Strongly Agree,Neutral,Disagree,Strongly Disagree,Hispanic/Latinx,25-44 years old,Female,Rent,the mega rich pocketing profit instead of investing in working class,
Garcia,ZG02,Friday,PM,Self-administered,Oakland,Downtown Oakland,Work,3,Neutral,Strongly Disagree,Disagree,Disagree,Agree,Agree,Disagree,Disagree,Strongly Agree,Hispanic/Latinx,Under 25 years old,Male,Own,Fixing homeless problem,"The surveyee marked ""own"" but then marked that they live at home (I'm assuming this means with their parent?)"
Garcia,ZG03,Friday,PM,Self-administered,Oakland,Downtown Oakland,"Work, ""Shopping, dining, recreation""",3,Disagree,Disagree,Neutral,Disagree,Neutral,Agree,Disagree,Neutral,Agree,Asian,Under 25 years old,Male,Rent,Crime,
Garcia,ZG04,Friday,PM,Self-administered,Oakland,Downtown Oakland,Live,6,Disagree,Disagree,Neutral,Agree,Disagree,Disagree,Agree,Disagree,Strongly Agree,Black or African American,25-44 years old,Female,Rent,"Crime, Homelessness",
Garcia,ZG05,Friday,PM,Interviewer,Oakland,Downtown Oakland,Live,3,Agree,Strongly Disagree,Agree,Neutral,Agree,Agree,Agree,Neutral,Strongly Agree,Asian,Under 25 years old,Female,Other,,Indicated that they live in a dorm. Decided to not answer the open ended question on the biggest challenge in the city. The surveyee was an international student and seemed to think I was asking about the US generally for the first question. 
Pigott,GP001,Wednesday,PM,Interviewer,Oakland,Temescal,Other,1,Neutral,Disagree,Agree,Agree,Agree,Strongly Disagree,Agree,Agree,Neutral,White,25-44 years old,Female,Rent,Grocery store access to fresh food. ,GP001 answered our survey twice with another student!!
Pigott,GP002,Wednesday,PM,Interviewer,Oakland,Temescal,"""Shopping, dining, recreation""",0,Neutral,Neutral,Strongly Agree,Agree,Agree,Strongly Agree,Neutral,Agree,Neutral,Asian,25-44 years old,Female,Rent,"Finding community, creatives. Creatives are being pushed out because of expensive rent.",
Pigott,GP003,Wednesday,PM,Interviewer,Oakland,Temescal,"""Shopping, dining, recreation""",1,Neutral,Neutral,Neutral,Agree,Neutral,Neutral,Agree,Neutral,Agree,White,25-44 years old,Female,Rent,I don't live here/spend enough time here so I can't answer! Sorry!,
Pigott,GP004,Wednesday,PM,Interviewer,Oakland,Temescal,"Live, Work, ""Shopping, dining, recreation""",7,Agree,Agree,Neutral,Disagree,Strongly Agree,Neutral,Disagree,Disagree,Disagree,White,25-44 years old,Male,Rent,Cost of living ,
Pigott,GP005,Wednesday,PM,Interviewer,Oakland,Temescal,Live,7,Agree,Neutral,Agree,Neutral,Strongly Agree,Agree,Agree,Agree,Neutral,White,25-44 years old,Female,Rent,Cost of living ,GP005 and GP004 are a couple 
Lambert,AML1,Friday,PM,Self-administered,Oakland,Downtown Oakland,"Live, Work, ""Shopping, dining, recreation""",7,Neutral,Agree,Strongly Agree,Strongly Disagree,Agree,Strongly Agree,Neutral,Agree,Agree,Other/Prefer not to say,65 or older,Male,Own,Corruption and poor leadership,"Response to sharing that I was a MCP student was ""Planning?? The City hasn't planned anything in 150 years."" Said he was a long term resident and that the City is steeped in problems. "
Lambert,AML2,Saturday,PM,Interviewer,Oakland,Downtown Oakland,Live,7,Disagree,Agree,Neutral,Strongly Agree,Strongly Agree,Strongly Agree,Strongly Agree,Neutral,Agree,Hispanic/Latinx,25-44 years old,Female,Rent,"Need more resources on the ""actual"" problems facing the City (safety and housing)",
Lambert,AML3,Sunday,PM,Self-administered,Oakland,Downtown Oakland,Work,5,Disagree,Disagree,Neutral,Disagree,Agree,Agree,Strongly Agree,Neutral,Agree,White,45-64 years old,Female,Rent,CRIME,Works @ coffee shop in Downtown Oakland; said she owned a different business in Oakland for 16 years and has seen the neighborhood change drastically (and did not have positive tone about this change). 
Lambert,AML4,Monday,PM,Interviewer,Berkeley,Downtown Berkeley,Live,7,,Strongly Agree,Strongly Agree,Strongly Agree,Strongly Agree,,Agree,Strongly Agree,Strongly Disagree,White,65 or older,Female,Own,"Overbuilding creating ""wind and shade tunnels"" and ""destroying character"". ","The survey was taken in Downtown Oakland but said she never comes here (was there for a climate event) and wanted to answer about Berkeley. Didn't want to answer the housing Qs because she said she supported affordable housing and was ""all for it"", but new development in Berkeley such as convention center and luxury condos were bad. Also said ""maybe that makes me a NIMBY but whatever."" "
Lambert,AML5,Tuesday,PM,Self-administered,Oakland,Downtown Oakland,Work,5,Disagree,Neutral,Neutral,Agree,Agree,Agree,Neutral,Disagree,Disagree,White,25-44 years old,Male,Own,INCOME INEQUALITY,Was very curious about the MCP program and thanked me for the work we were doing.
Hanke,CMH1,Saturday,PM,Self-administered,Oakland,West Oakland,"""Shopping, dining, recreation""",0,Neutral,Disagree,Neutral,Agree,Agree,Agree,Agree,Strongly Agree,Neutral,Asian,25-44 years old,Female,Rent,Not enough jobs,Vintage clothing vendor
Hanke,CMH2,Saturday,PM,Self-administered,Oakland,West Oakland,Work,1,Neutral,Disagree,Agree,Agree,Agree,Agree,Neutral,Agree,Agree,"Asian, Hispanic/Latinx",25-44 years old,Female,Own,,Vintage clothing vendor
Hanke,CMH3,Saturday,PM,Self-administered,Oakland,West Oakland,Work,7,Agree,Agree,Agree,Agree,Neutral,Neutral,Neutral,Disagree,Neutral,White,65 or older,Male,Rent,Division,
Hanke,CMH4,Saturday,PM,Self-administered,Oakland,West Oakland,Other,3,Agree,Neutral,Neutral,Disagree,Agree,Agree,Neutral,Disagree,Disagree,White,Under 25 years old,Male,Other,Homelessness,"Teenager, in the neighborhood with his dad who works there. He lives at home. "
Hanke,CMH5,Saturday,PM,Self-administered,Oakland,West Oakland,Work,6,Neutral,Disagree,Strongly Disagree,Neutral,Strongly Agree,Strongly Agree,Neutral,Strongly Disagree,Agree,White,45-64 years old,Male,Own,The city government's lax enforcement of homeless camping and lame OPW,Has lived in Oakland 20-30 years. Owns a building in West Oakland. (OPW could mean office of public works). 
McMurry,CIM1,Saturday,PM,Interviewer,San Francisco ,Mission,Live,7,Neutral,Strongly Agree,Agree,Neutral,Strongly Agree,Agree,Strongly Agree,Agree,Strongly Disagree,Asian,25-44 years old,Male,Rent,congestion + public transit (need to expand BART),
McMurry,CIM2,Saturday,PM,Interviewer,San Francisco ,Lower Haight,"""Shopping, dining, recreation""",0,Neutral,Agree,Agree,Disagree,Neutral,Strongly Agree,Neutral,Disagree,Neutral,White,25-44 years old,Female,Rent,tech industry has removed sense of community,lives in Oakland
McMurry,CIM3,Saturday,PM,Interviewer,San Francisco ,Lower Haight,"Other, ""Shopping, dining, recreation""",0.5,Disagree,Neutral,Agree,Neutral,Agree,Agree,Disagree,Agree,Neutral,Asian,Under 25 years old,Female,Rent,"lack of housing affordability, homelessness, and dirty streets",CIM3 and CIM4 were friends of each other and interviewed at the same time
McMurry,CIM4,Saturday,PM,Interviewer,San Francisco ,Lower Haight,"Other, ""Shopping, dining, recreation""",0.5,Agree,Neutral,Neutral,Neutral,Neutral,Agree,Disagree,Neutral,Neutral,Asian,Under 25 years old,Female,Rent,"not having enough people, business vacancies",CIM3 and CIM4 were friends of each other and interviewed at the same time
McMurry,CIM5,Saturday,PM,Interviewer,San Francisco ,Lower Haight,Live,7,Neutral,Strongly Agree,Neutral,Agree,Strongly Agree,Strongly Agree,Strongly Agree,Neutral,Strongly Agree,Black or African American,25-44 years old,Female,Rent,homelessness,
Hong,LH1,Thursday,AM,Self-administered,San Francisco,Chinatown,Live,7,Strongly Agree,Neutral,Agree,Disagree,Neutral,Agree,Agree,Strongly Disagree,Neutral,Asian,25-44 years old,Female,Rent,,
Hong,LH2,Thursday,AM,Self-administered,San Francisco,Chinatown,Live,2,Disagree,Neutral,Disagree,Strongly Agree,Agree,Strongly Agree,Strongly Agree,Strongly Agree,Strongly Agree,Asian,45-64 years old,,Own,homeless,
Hong,LH3,Sunday,AM,Self-administered,Berkeley,South Berkeley,Live,7,Neutral,Agree,Disagree,Neutral,Neutral,Agree,Strongly Disagree,Agree,Neutral,White,25-44 years old,Male,Rent,growth of infrastructure vs. current quality of living (new housing is necessary but all the construction is stressful),
Hong,LH4,Sunday,PM,Interviewer,Berkeley,South Berkeley,"Live, ""Shopping, dining, recreation""",7,Strongly Agree,Disagree,Agree,Neutral,Disagree,Strongly Agree,Disagree,Agree,Disagree,White,65 or older,Female,Rent,"not enough water (for utilities, drinking, farming, etc.)","Surveyor defined ""gentrification"" as ""when cost of living is increased such that lower income populations are pushed out"". Respondent initially declined to participate in the survey but changed her mind after engaging in conversation broadly about city issues and national politics."
Hong,LH5,Sunday,PM,Interviewer,Berkeley,South Berkeley,"Live, ""Shopping, dining, recreation""",7,Neutral,Disagree,Neutral,Disagree,Neutral,Strongly Agree,Strongly Disagree,Strongly Disagree,Strongly Disagree,Other/Prefer not to say,65 or older,Male,Rent,"homelessness, job availability, accessibility","Respondent provided the answer in the ""biggest challenge facing city"" cell as if responding to the statement at the top of the survey for ""what kinds of improvements you'd like to see in the city""."
F. Huang,FH-1,Sunday,PM,Interviewer,Berkeley,Elmwood,"Work, ""Shopping, dining, recreation""",7,Disagree,Neutral,Agree,Disagree,Agree,Disagree,Disagree,Disagree,Agree,Black or African American,45-64 years old,Female,Own,City of Berkeley does not know what they're doing,"Did not like the new development plans in Elmwood. Asked several times if I was with the City of Berkeley. Literally took out a City-issued outreach letter about a new project and said she was very opposed. Declined gift card entry, did not want to provide name/contact info. Said tall buildings will trap emissions and make air worse."
F. Huang,FH-2,Sunday,PM,Interviewer,Berkeley,Elmwood,"""Shopping, dining, recreation""",1,Agree,Agree,Strongly Agree,Disagree,Strongly Agree,Disagree,Neutral,Agree,Agree,White,45-64 years old,Female,Own,Maintaining the legacy businesses that have been here for more than 50 years.,"FH-2/FH-3 were mother/daughter. Supports bike lanes a lot, but implementation in Berkeley is causing traffic problem - says it should be like Emeryville. Supports increasing housing, but said the architecture/design needs to be much better (said People's Park looks awful and shouldn't have happened). Speed cameras only needed in select areas. NO ICE, but says eyes-on-the-ground police officers are necessary. Commented the toy store we were standing in-front of almost closed, but luckily someone bought it."
F. Huang,FH-3,Sunday,PM,Self-administered,Berkeley,Elmwood,"""Shopping, dining, recreation""",1,Agree,Neutral,Neutral,Neutral,Agree,Agree,Neutral,Agree,Disagree,White,25-44 years old,Female,Other,,"FH-2/FH-3 were mother/daughter. Relatively quiet, and filled out her survey differently from her mother (e.g. disagreed on more policing) "
F. Huang,FH-4,Sunday,PM,Interviewer,Berkeley,Elmwood,"""Shopping, dining, recreation""",1,Agree,Agree,Agree,Disagree,Agree,Agree,Neutral,Agree,Disagree,White,25-44 years old,Male,Rent,Housing cost/cost of living,Survey administered @ bus stop / on bus. Switched from self-administered to interview because it started raining harder
F. Huang,FH-5,Sunday,PM,Interviewer,Berkeley,Elmwood,"""Shopping, dining, recreation""",1,Neutral,Neutral,Agree,Disagree,Agree,Disagree,Disagree,Disagree,Agree,White,45-64 years old,Female,Own,,Asked what policing meant; I said increased funding to Berkeley PD.
Savoie,GS-1,Sunday,PM,Interviewer,Oakland ,Lakeside/Uptown,"""Shopping, dining, recreation""",1,Neutral,Neutral,Neutral,Agree,Strongly Agree,Strongly Agree,Neutral,Agree,Strongly Agree,White,65 or older,Female,Own,"Liter, Homelessness",Was just visiting the area with a friend but lives in upper rockridge. Was mainly concerned with liter and illegal dumping. Said she supported bike lane projects but HATES the bike lanes on Telegraph and wants them GONE!
Savoie,GS-2,Sunday,PM,Interviewer,Oakland ,Lakeside/Uptown,"""Shopping, dining, recreation""",1,Agree,Strongly Disagree,Agree,Strongly Agree,Strongly Agree,Strongly Agree,Strongly Agree,Strongly Agree,Strongly Agree,White,65 or older,Female,Own,Not enough police. Rising crime,Lives in Emeryville and contrasted her level of safety there with that of Oakland. Wants to see larger police presence to keep order. 
Savoie,GS-3,Sunday,PM,Self-administered,Oakland ,Lakeside/Uptown,Live,7,Disagree,Agree,Agree,Agree,Agree,Agree,Neutral,Strongly Agree,Strongly Disagree,"Hispanic/Latinx, Black or African American",25-44 years old,Male,Rent,Vacant downtown / low suport for small businesses,
Savoie,GS-4,Sunday,PM,Self-administered,Oakland ,Lakeside/Uptown,Live,4,Neutral,Agree,Strongly Agree,Agree,Strongly Agree,Strongly Agree,Disagree,Neutral,Disagree,Hispanic/Latinx,25-44 years old,Female,Rent,Reliable public transit,"Asked me to clairfy if ""increase traffic safety"" meant for just biker or also pedestrians and drivers. Commented that some bike lanes feel unsafe to walk across and with constructuion make it hard to get around. 

Specified that they while they live in the neighborhood, they only ""go out and about"" 4 days a week on average."
Savoie,GS-5,Sunday,PM,Interviewer,Oakland ,Lakeside/Uptown,Live,7,Don't Know/NA,Agree,Don't Know/NA,Neutral,Strongly Agree,Agree,Strongly Disagree,Agree,Strongly Disagree,White,25-44 years old,Female,Rent,"Homelessness, dumping","Did not live here during the pandemic and so could not say if the neighborhood had recovering from its economic impacts. 

Was very opposed to installing of any type of enforcement cameras or increases in policing. "
M. Huang,MH1,Sunday,PM,Self-administered,San Ramon,City Center Bishop Ranch,Other,1,Neutral,Neutral,Strongly Agree,Neutral,Strongly Agree,Neutral,Agree,Neutral,Neutral,"Hispanic/Latinx, White",Under 25 years old,Female,Own,too many apartments added,"May be important to note that some of these respondents were likely minors if that's an issue for the raffle tickets

If the respondents were minors, there were no parents around."
M. Huang,MH2,Sunday,PM,Self-administered,San Ramon,City Center Bishop Ranch,"Live, Work",6-7,Strongly Agree,Strongly Agree,Strongly Agree,Strongly Disagree,Strongly Disagree,Strongly Disagree,Neutral,Neutral,Neutral,Asian,25-44 years old,Male,Other,"housing prices, connecting with people, stuck up personalities",live with parents
M. Huang,MH3,Sunday,PM,Self-administered,San Ramon,City Center Bishop Ranch,"""Shopping, dining, recreation""",7,Agree,Agree,Agree,Agree,Agree,Agree,Agree,Agree,Agree,Black or African American,Prefer not to answer,Male,Other,IDK,"IDK; May be important to note that some of these respondents were likely minors if that's an issue for the raffle tickets

MH3 and MH4 are a couple but took the survey independently beside each other

If the respondents were minors, there were no parents around."
M. Huang,MH4,Sunday,PM,Self-administered,San Ramon,City Center Bishop Ranch,"""Shopping, dining, recreation""",7,Neutral,Strongly Disagree,Neutral,Agree,Neutral,Agree,Agree,Disagree,Agree,Hispanic/Latinx,Under 25 years old,Female,,N/A,"May be important to note that some of these respondents were likely minors if that's an issue for the raffle tickets

MH3 and MH4 are a couple but took the survey independently beside each other

If the respondents were minors, there were no parents around."
M. Huang,MH5,Sunday,PM,Self-administered,San Ramon,City Center Bishop Ranch,"""Shopping, dining, recreation""",1,Strongly Agree,Strongly Agree,Agree,Agree,Agree,Agree,Agree,Agree,Agree,Asian,45-64 years old,Male,Own,,
Chiu,PC01,Sunday,PM,Self-administered,San Ramon,"City Center Bishop Ranch
6000 Bollinger Canyon Rd
San Ramon, CA 94583",Live,6-7,Strongly Agree,Strongly Agree,Strongly Agree,Agree,Neutral,Neutral,Neutral,Strongly Agree,Strongly Agree,Asian,Under 25 years old,Female,Rent,School :(,"May be important to note that some of these respondents were likely minors if that's an issue for the raffle tickets

If the respondents were minors, there were no parents around.

Misprounounced the word ""gentrification"" so may not know what the word means

PC01 and PC02 are friends who took the survey together"
Chiu,PC02,Sunday,PM,Self-administered,San Ramon,"City Center Bishop Ranch
6000 Bollinger Canyon Rd
San Ramon, CA 94583",Live,5,Strongly Agree,Strongly Agree,Agree,Strongly Agree,Neutral,Agree,Strongly Agree,Agree,Strongly Agree,Asian,Under 25 years old,Female,Own,school/education,"May be important to note that some of these respondents were likely minors if that's an issue for the raffle tickets

If the respondents were minors, there were no parents around.

Misprounounced the word ""gentrification"" so may not know what the word means

PC01 and PC02 are friends who took the survey together"
Chiu,PC03,Sunday,PM,Self-administered,San Ramon,"City Center Bishop Ranch
6000 Bollinger Canyon Rd
San Ramon, CA 94583",Other,1,Neutral,Neutral,Strongly Agree,Neutral,Don't Know/NA,Neutral,Agree,Neutral,Neutral,"Hispanic/Latinx, White",Under 25 years old,Female,Own,to many apartments,"May be important to note that some of these respondents were likely minors if that's an issue for the raffle tickets

If the respondents were minors, there were no parents around.

MH1 and PC03 are friends and took the survey together"
Chiu,PC04,Sunday,PM,Interviewer,San Ramon,"City Center Bishop Ranch
6000 Bollinger Canyon Rd
San Ramon, CA 94583",Work,4,Disagree,Strongly Agree,Agree,Agree,Disagree,Disagree,Strongly Disagree,Strongly Disagree,Agree,Other/Prefer not to say,25-44 years old,Male,Rent,Rent control,"30 years old, works for the City of San Ramon Streets Maintenance Department; ""it's just a job to pay the bills""

Feels Connected to People in the City: ""Oh hell naw""

Increasing Housing Supply: Disagreed because housing is too expensive for certain people

Speed Enforcement Cameras: Take away your rights just like New York City

Sales Tax Climate Disaster: Could go to better places like housing"
Chiu,PC05,Sunday,PM,Interviewer,San Ramon,"City Center Bishop Ranch
6000 Bollinger Canyon Rd
San Ramon, CA 94583",Work,5-6,Neutral,Agree,Strongly Agree,Neutral,Strongly Agree,Agree,Neutral,Agree,Neutral,Black or African American,Under 25 years old,Male,Rent,How people don't realize crime is everywhere even if not reported in the news,"Speed Enforcement Camera Opinions: Undecided because on one hand people show follow the speed limit; 40 mph in a 25 mph school zone is inappropriate and even 35 mph and 30 mph should be restricted but also understanding of folks taking the back road to rush home; Concerns about where the revenue from citations is going (benefits like patching potholes or is it pocketed)

Sales Tax Climate Disaster: Every city should raise enough for recovery 

Policing: It depends; might be beneficial for rural areas but depends on how helpful the police have been"
Levidow,MRL1,Sunday,PM,Self-administered,Berkeley,Elmwood,Other,7,Neutral,Strongly Agree,Neutral,Disagree,Agree,Agree,Neutral,Agree,Neutral,White,65 or older,Female,Other,Housing cost,House sitting in the neighborhood for four months
Levidow,MRL2,Sunday,PM,Interviewer,Berkeley,Elmwood,Live,6,Agree,Disagree,Agree,Agree,Agree,Agree,Agree,Disagree,Agree,,,,,Got on a bus before we cold complete the survey,
Levidow,MRL3,Sunday,PM,Self-administered,Berkeley,Elmwood,"""Shopping, dining, recreation""",1,Agree,Neutral,Neutral,Neutral,Agree,Strongly Disagree,Neutral,Neutral,Neutral,White,65 or older,Non-binary,Own,Too much traffic. Need anything but cars.,
Levidow,MRL4,Sunday,PM,Self-administered,Berkeley,Elmwood,"""Shopping, dining, recreation""",0,Agree,Strongly Agree,Neutral,Neutral,Neutral,Disagree,Agree,Agree,Neutral,White,45-64 years old,Female,Own,Balacing conflicting demands of different populations,
Levidow,MRL5,Sunday,PM,Interviewer,Berkeley,Elmwood,"""Shopping, dining, recreation""",0,Agree,Neutral,Agree,Agree,Agree,Agree,Agree,Agree,Neutral,Asian,25-44 years old,Female,Rent,Homelessness & housing them,
Levidow,MRL6,Sunday,PM,Interviewer,Berkeley,Elmwood,Live,7,Agree,Strongly Agree,Neutral,Agree,Agree,Agree,Disagree,Agree,Neutral,White,45-64 years old,Male,Own,Lack of mental health services,
Flannelly,SF1,Friday,PM,Self-administered,Oakland,Downtown Oakland,Live,7,Strongly Disagree,Disagree,Agree,Disagree,Agree,Agree,Strongly Disagree,Disagree,Neutral,Other/Prefer not to say,45-64 years old,Male,Rent,Gentrification / Flock,"Older genetleman, he really does not like Flock cameras, the speed-enforcement cameras we ask about in the survey. He also mentioned that he was gentrified out of SF nearly 25 years ago"
Flannelly,SF2,Friday,PM,Self-administered,Oakland,Downtown Oakland,Live,5,Disagree,Disagree,Agree,Disagree,Strongly Agree,Strongly Agree,Neutral,Neutral,Agree,Asian,25-44 years old,Female,Rent,Safety,
Flannelly,SF3,Friday,PM,Self-administered,Oakland,Downtown Oakland,Work,6,Strongly Disagree,Agree,Agree,Neutral,Agree,Agree,Strongly Disagree,Agree,Strongly Disagree,White,Under 25 years old,Female,Rent,"Housing, public safety (community mediation)",
Flannelly,SF4,Friday,PM,Interviewer,Oakland,Downtown Oakland,Work,5,Agree,Strongly Agree,Neutral,Disagree,Strongly Agree,Strongly Agree,Agree,Strongly Disagree,Strongly Disagree,Black or African American,45-64 years old,Male,Rent,Gun violence,
Flannelly,SF5,Friday,PM,Self-administered,Oakland,Downtown Oakland,Live,1.5,Disagree,Strongly Agree,Agree,Agree,Neutral,Agree,Neutral,Agree,Agree,Black or African American,65 or older,Male,Rent,DEI,
Soroushnejad,NS1,Sunday,PM,Interviewer,Berkeley,Elmwood,"""Shopping, dining, recreation""",0,Neutral,Agree,Strongly Agree,Neutral,Agree,Agree,Agree,Agree,Disagree,Hispanic/Latinx,25-44 years old,Female,Rent,homelessness,
Soroushnejad,NS2,Sunday,PM,Interviewer,Berkeley,Elmwood,"""Shopping, dining, recreation""",0,Agree,Agree,Neutral,Agree,Agree,Disagree,Agree,Neutral,Neutral,White,45-64 years old,Female,Own,cost of housing,
Soroushnejad,NS3,Sunday,PM,Interviewer,Berkeley,Elmwood,"""Shopping, dining, recreation""",0,Agree,Neutral,Agree,Neutral,Agree,Agree,Agree,Agree,Agree,Asian,25-44 years old,Female,Rent,cost of living,
Soroushnejad,NS4,Sunday,PM,Interviewer,Berkeley,Elmwood,"""Shopping, dining, recreation""",0,Neutral,Agree,Strongly Agree,Strongly Agree,Strongly Agree,Strongly Agree,Neutral,Strongly Agree,Neutral,White,45-64 years old,Female,Own,NIMBYism,
Soroushnejad,NS5,Sunday,PM,Interviewer,Berkeley,Elmwood,"""Shopping, dining, recreation""",1,Neutral,Agree,Agree,Neutral,Strongly Agree,Agree,Disagree,Agree,Neutral,White,25-44 years old,Female,Own,jobs and homelessness,
Lee-Shapiro,ELS1,Sunday,PM,Self-administered,Oakland,West Oakland,Live,7,Neutral,Neutral,Neutral,Neutral,Strongly Agree,Agree,Disagree,Neutral,Strongly Disagree,White,25-44 years old,Female,Rent,Budgeting (police and fire); police unfettered/self-reported overtime,
Lee-Shapiro,ELS2,Sunday,PM,Self-administered,Oakland,West Oakland,"Live, Work, ""Shopping, dining, recreation""",7,Agree,Neutral,Neutral,Disagree,Neutral,Strongly Disagree,Agree,Strongly Disagree,Strongly Disagree,White,25-44 years old,Female,Own,Police over funded and under deliver,
Lee-Shapiro,ELS3,Sunday,PM,Self-administered,Oakland,West Oakland,Live,7,Disagree,Agree,Neutral,Agree,Strongly Disagree,Agree,Strongly Disagree,Disagree,Disagree,White,25-44 years old,Other/Prefer not to answer,Rent,"The current president and administration (impact on schools, safety, income, health, etc)",
Lee-Shapiro,ELS4,Sunday,PM,Self-administered,Oakland,Cleveland Heights,Live,7,Agree,Agree,Neutral,Agree,Strongly Agree,Agree,Disagree,Agree,Strongly Disagree,White,25-44 years old,Other/Prefer not to answer,Rent,Wealth stratification ,
Lee-Shapiro,ELS5,Sunday,PM,Self-administered,Berkeley,South Berkeley,Live,5,Disagree,Neutral,Disagree,Strongly Disagree,Strongly Disagree,Strongly Agree,Strongly Disagree,Strongly Agree,Strongly Disagree,White,25-44 years old,Female,Rent,Housing crisis/price of rent,
Mateo,ALM1,Wednesday,PM,Self-administered,Berkeley,North Berkeley,Live,7,Don't Know/NA,Agree,Strongly Agree,Strongly Agree,Neutral,Agree,Disagree,Strongly Disagree,Strongly Disagree,White,25-44 years old,Male,Rent,"neocolonial economic practices, push to the right, corporitization",
Mateo,ALM2,Wednesday,PM,Self-administered,Berkeley,North Berkeley,Live,7,Agree,Disagree,Neutral,Agree,Agree,Neutral,Agree,Disagree,Strongly Disagree,Black or African American,Under 25 years old,Male,Rent,affordable housing,
Mateo,ALM3,Wednesday,PM,Self-administered,Berkeley,North Berkeley,Live,7,Neutral,Agree,Neutral,Agree,Agree,Agree,Agree,Neutral,Agree,White,65 or older,Male,Rent,homelessness,
Mateo,ALM4,Wednesday,PM,Self-administered,Berkeley,North Berkeley,"Work, ""Shopping, dining, recreation""",2,Neutral,Agree,Agree,Agree,Neutral,Neutral,Disagree,Strongly Disagree,Strongly Disagree,Other/Prefer not to say,45-64 years old,Male,Own,diversity,
Mateo,ALM5,Wednesday,PM,Self-administered,Berkeley,North Berkeley,"Live, Work, ""Shopping, dining, recreation""",6,Agree,Disagree,Neutral,Neutral,Agree,Strongly Agree,Strongly Agree,Strongly Agree,Strongly Agree,Other/Prefer not to say,Under 25 years old,Female,Rent,parking,
Peliska,TP1,Friday,PM,Interviewer,San Francisco,St. Francis Wood,Live,7,Agree,Strongly Disagree,Agree,Strongly Agree,Disagree,Neutral,Strongly Agree,Strongly Agree,Strongly Agree,Hispanic/Latinx,45-64 years old,Other/Prefer not to answer,Own,lawlessness,
Peliska,TP2,Friday,PM,Interviewer,San Francisco,St. Francis Wood,Work,2,Agree,Agree,Neutral,Neutral,Agree,Agree,Disagree,Disagree,Strongly Disagree,Other/Prefer not to say,25-44 years old,Female,Rent,economy & homelessness,
Peliska,TP3,Friday,PM,Interviewer,San Francisco,St. Francis Wood,Live,6,Strongly Agree,Neutral,Neutral,Strongly Agree,Strongly Agree,Neutral,Agree,Strongly Agree,Strongly Agree,White,45-64 years old,Female,Own,homelessness,
Peliska,TP4,Friday,PM,Interviewer,San Francisco,St. Francis Wood,Live,7,Strongly Agree,Strongly Agree,Strongly Agree,Disagree,Strongly Agree,Strongly Agree,Agree,Agree,Disagree,White,25-44 years old,Male,Rent,the economy,
Peliska,TP5,Friday,PM,Interviewer,San Francisco,St. Francis Wood,Live,7,Agree,Agree,Disagree,Disagree,Agree,Disagree,Strongly Agree,Disagree,Agree,Other/Prefer not to say,45-64 years old,Male,Own,safety,
Kempthorne-Curiel,NKC01,Thursday,PM,Self-administered,Berkeley,Downtown Berkeley,Live,5,Agree,Agree,Agree,Agree,Agree,Agree,Agree,Neutral,Neutral,Asian,Under 25 years old,Male,Own,,
Kempthorne-Curiel,NKC02,Thursday,PM,Self-administered,Berkeley,Downtown Berkeley,Work,5,Disagree,Disagree,Agree,Neutral,Neutral,Agree,Strongly Agree,Neutral,Neutral,White,Under 25 years old,Female,Rent,Homelessness,Asked me to define 'gentrification'
Kempthorne-Curiel,NKC03,Thursday,PM,Self-administered,Richmond,Richmond Bart ,Live,7,Agree,Strongly Agree,Strongly Agree,Agree,Strongly Agree,Strongly Disagree,Strongly Agree,Agree,Agree,Hispanic/Latinx,25-44 years old,Male,Rent,To survive the high rents ,Asked me to elaborate on some questions
Kempthorne-Curiel,NKC04,Monday,PM,Self-administered,Albany,Downtown Albany,Live,3,Neutral,Neutral,Neutral,Neutral,Neutral,Neutral,Neutral,Neutral,Neutral,Hispanic/Latinx,Under 25 years old,Female,Rent,Living Costs ,
Kempthorne-Curiel,NKC05,Monday,PM,Self-administered,Albany ,Downtown Albany,Live,7,Neutral,Disagree,Agree,Agree,Agree,Agree,Agree,Neutral,Disagree,Asian,Under 25 years old,Female,Rent,Housing insecurity,
Dugar,MD1,Sunday,PM,Self-administered,Berkeley,Elmwood,"""Shopping, dining, recreation""",3,Neutral,Neutral,Agree,Neutral,Agree,Neutral,Neutral,Agree,Neutral,"Asian, Hispanic/Latinx, Other/Prefer not to say",Under 25 years old,Female,Rent,It sometimes feels dangerous and dirty,
Dugar,MD2,Sunday,PM,Interviewer,Berkeley,Elmwood,Live,7,Neutral,Neutral,Disagree,Strongly Disagree,Neutral,Strongly Disagree,Strongly Agree,Strongly Disagree,Strongly Disagree,"Hispanic/Latinx, White, Other/Prefer not to say",45-64 years old,Female,Rent,Wish some of the shops weren't debit/credit only,
Dugar,MD3,Sunday,PM,Interviewer,Berkeley,Elmwood,"""Shopping, dining, recreation""",1,Strongly Agree,Strongly Agree,Agree,Strongly Agree,Strongly Agree,Strongly Agree,Strongly Agree,Agree,Strongly Agree,White,45-64 years old,Female,Own,Petty burglary,
Dugar,MD4,Sunday,PM,Interviewer,Berkeley,Elmwood,"""Shopping, dining, recreation""",2,Agree,Disagree,Neutral,Neutral,Strongly Agree,Strongly Disagree,Strongly Agree,Strongly Agree,Strongly Agree,White,65 or older,Male,Own,Staying friendly,
Dugar,MD5,Sunday,PM,Interviewer,Berkeley,Elmwood,"""Shopping, dining, recreation""",0,Agree,Agree,Agree,Neutral,Agree,Agree,Agree,Agree,Strongly Disagree,Asian,25-44 years old,Female,Other,Cost of living,Other: lives with family
Baroudi,AB1,Friday,AM,Self-administered,Oakland,Downtown Oakland/Chinatown,Live,7,Disagree,Disagree,Neutral,Neutral,Agree,Agree,Neutral,Disagree,Agree,Other/Prefer not to say,25-44 years old,Male,Rent,homelessness,
Baroudi,AB2,Friday,AM,Interviewer,Oakland,Downtown Oakland/Chinatown,"Live, ""Shopping, dining, recreation""",1,Strongly Disagree,Neutral,Agree,Strongly Disagree,Strongly Agree,Strongly Agree,Agree,Strongly Disagree,Strongly Disagree,Other/Prefer not to say,Prefer not to answer,Other/Prefer not to answer,Own,ice,
Baroudi,AB3,Friday,AM,Interviewer,Oakland,Downtown Oakland/Chinatown,"""Shopping, dining, recreation""",1,Strongly Agree,Neutral,Disagree,Strongly Agree,Strongly Agree,Strongly Agree,Strongly Agree,Strongly Agree,Strongly Agree,Asian,65 or older,Female,Rent,,
Baroudi,AB4,Friday,AM,Interviewer,Oakland,Downtown Oakland/Chinatown,"""Shopping, dining, recreation""",1,Agree,Disagree,Disagree,Agree,Agree,Neutral,Agree,Neutral,Agree,Asian,45-64 years old,Female,Own,homelessness and schools aren't good enough,
Baroudi,AB5,Friday,AM,Interviewer,Oakland,Downtown Oakland/Chinatown,"Work, ""Shopping, dining, recreation""",5,Neutral,Strongly Disagree,Disagree,Disagree,Strongly Agree,Agree,Agree,Agree,Agree,White,25-44 years old,Female,Rent,people not feeling comfortable supporting each other or seeking support,
Anderson,KA1,Monday,PM,Self-administered,Albany,Albany Bulb ,Live,7,Neutral,Agree,Agree,Strongly Agree,Neutral,Agree,Disagree,Disagree,Disagree,White,25-44 years old,Male,Rent,Safety in public spaces,
Anderson,KA2,Monday,PM,Interviewer,Albany,Albany Bulb ,"""Shopping, dining, recreation""",1,Agree,Neutral,Strongly Agree,Agree,Neutral,Strongly Disagree,Strongly Disagree,Neutral,Strongly Disagree,White,65 or older,Female,Own,Over development,Did not really relate to walking alone outside at night as she says she comes for daytime activities. 
Anderson,KA3,Monday,PM,Self-administered,Albany ,Albany Bulb ,Live,7,Agree,Agree,Agree,Disagree,Agree,Disagree,Disagree,Disagree,Disagree,White,65 or older,Male,Own,Over Crowding,
Anderson,KA4,Tuesday,PM,Interviewer,Albany,Gilman St,Live,7,Neutral,Disagree,Agree,Agree,Agree,Disagree,Disagree,Disagree,Disagree,White,25-44 years old,Female,Rent,homelessness in the area makes it difficult to navigate streets ,
Anderson,KA5,Tuesday,PM,Interviewer,Albany ,Gilman St,"""Shopping, dining, recreation""",1,Agree,Neutral,Agree,Strongly Agree,Agree,Agree,Disagree,Disagree,Disagree,Asian,25-44 years old,Male,Own,easy access to schools and parks for kids,
Mendibles Rodriguez,AMR_01,Friday,AM,Self-administered,Berkeley,Northwest Berkeley,Live,7,Neutral,Neutral,Neutral,Neutral,Neutral,Strongly Agree,Neutral,Strongly Agree,Disagree,Hispanic/Latinx,Under 25 years old,Male,Rent,Trump,
Mendibles Rodriguez,AMR_02,Tuesday,AM,Self-administered,Berkeley,Northwest Berkeley,Work,6,Strongly Disagree,Neutral,Strongly Disagree,Agree,Disagree,Strongly Agree,Strongly Disagree,Strongly Disagree,Neutral,Hispanic/Latinx,25-44 years old,Male,Rent,Crime. Lock off businesses. Intimidating area to new people,
Mendibles Rodriguez,AMR_03,Tuesday,AM,Self-administered,Berkeley,Northwest Berkeley,Work,6,Agree,Neutral,Neutral,Neutral,Agree,Neutral,Strongly Disagree,Neutral,Disagree,Hispanic/Latinx,25-44 years old,Male,Rent,Crime,
Mendibles Rodriguez,AMR_04,Tuesday,PM,Self-administered,Berkeley,Northwest Berkeley,Live,7,Neutral,Agree,Neutral,Neutral,Neutral,Neutral,Neutral,Neutral,Strongly Disagree,Hispanic/Latinx,Under 25 years old,Male,Rent,,
Mendibles Rodriguez,AMR_05,Tuesday,PM,Self-administered,Berkeley,Northwest Berkeley,Live,7,Neutral,Strongly Disagree,Neutral,Neutral,Disagree,Agree,Neutral,Neutral,Strongly Disagree,Hispanic/Latinx,Under 25 years old,Female,Rent,,
Han,GHH01,Wednesday,PM,Self-administered,Oakland,Temescal,Live,5,Neutral,Agree,Neutral,Agree,Disagree,Strongly Agree,Neutral,Agree,Agree,White,25-44 years old,Male,Rent,Homelessness,
Han,GHH02,Wednesday,PM,Self-administered,Oakland,Temescal,"""Shopping, dining, recreation""",6,Agree,Neutral,Agree,Strongly Agree,Agree,Agree,Agree,Agree,Neutral,"Hispanic/Latinx, Black or African American",25-44 years old,Male,Rent,Diversity/change,
Han,GHH03,Wednesday,PM,Interviewer,Oakland,Temescal,Other,1,Disagree,Agree,Disagree,Agree,Disagree,Strongly Agree,Strongly Agree,Strongly Agree,Strongly Disagree,Black or African American,45-64 years old,Female,Other,Homelessness/high rent,
Han,GHH04,Wednesday,PM,Interviewer,Oakland,Temescal,"""Shopping, dining, recreation""",0,Agree,Agree,Strongly Agree,Strongly Disagree,Agree,Agree,Neutral,Disagree,Strongly Disagree,White,25-44 years old,Female,Own,Bureaucratic tangling,
Han,GHH05,Wednesday,PM,Interviewer,Oakland,Temescal,"""Shopping, dining, recreation""",0,Agree,Agree,Agree,Strongly Disagree,Strongly Agree,Strongly Agree,Neutral,Disagree,Strongly Disagree,White,25-44 years old,Female,Own,Fiscal responsibility/transparency,
Wylie,OW01,Tuesday,PM,Self-administered,Berkeley,North Berkeley,Live,7,Agree,Neutral,Agree,Strongly Disagree,Agree,Agree,Neutral,Agree,Disagree,White,25-44 years old,Female,Rent,Inflation,
Wylie,OW02,Tuesday,PM,Self-administered,Berkeley,North Berkeley,Live,7,Agree,Neutral,Disagree,Agree,Neutral,Strongly Agree,Disagree,Agree,Neutral,White,Under 25 years old,Female,Rent,Electric scooters,
Wylie,OW03,Thursday,AM,Self-administered,San Francisco,Chinatown,"Work, ""Shopping, dining, recreation""",4-5,Agree,Agree,Agree,Neutral,Strongly Agree,Agree,Neutral,Neutral,Disagree,Asian,25-44 years old,Female,Rent,Homelessness,
Wylie,OW04,Thursday,AM,Self-administered,San Francisco,Chinatown,Work,2,Neutral,Strongly Agree,Agree,Strongly Agree,Agree,Neutral,Agree,Disagree,Strongly Disagree,Asian,25-44 years old,Female,Rent,"Economic inequality / Funding (lack therof for things I value, too much to police)",
Wylie,OW05,Thursday,AM,Interviewer,San Francisco,Chinatown,"Live, Work",7,Agree,Disagree,Disagree,Agree,Agree,Strongly Agree,Strongly Agree,Agree,Disagree,Asian,25-44 years old,Female,Rent,Homelessness,"Asked me to rephrase a lot of the questions. For the housing question, she really emphasised her answer, and mentioned rent being very expensive"
Redmond,RR01,Sunday,PM,Self-administered,Oakland,Temescal,"Live, Work",3,Neutral,Disagree,Strongly Agree,Disagree,Neutral,Agree,Agree,Neutral,Neutral,Black or African American,25-44 years old,Male,Rent,Change,"For the ""Support increasing the supply of housing"" question, he only supported an increase in Affordable Housing."
Redmond,RR02,Sunday,PM,Interviewer,Oakland,Temescal,Work,4,Agree,Neutral,Neutral,Neutral,Strongly Agree,Strongly Agree,Neutral,Agree,Agree,Black or African American,25-44 years old,Male,Own,Violence,
Redmond,RR03,Sunday,PM,Interviewer,Oakland,Temescal,Live,7,Neutral,Strongly Agree,Neutral,Strongly Agree,Strongly Agree,Agree,Neutral,Disagree,Disagree,White,25-44 years old,Non-binary,Rent,Public Transportation,"For Recovery after pandemic question, they said they moved during pandemic so doesn't know. "
Redmond,RR04,Sunday,PM,Self-administered,Oakland,Temescal,"""Shopping, dining, recreation""",4,Strongly Disagree,Disagree,Neutral,Strongly Disagree,Agree,Neutral,Disagree,Agree,Disagree,Black or African American,Under 25 years old,Female,Rent,"Post-covid businesses are moving out or closing, lack of support",